DateTime,DeviceId,AccuracyRadius,Latitude,Longitude,Time,Title,Url,SearchTerms
"10/29/2023 7:00:57 PM +00:00",,,,,,,,ฉันจะซิงค์การตั้งค่าของฉันใน windows 10 ได้อย่างไร site:microsoft.com
"10/27/2023 7:44:52 PM +00:00",,,,,,,,UserDataSvc User Data Access
"10/27/2023 7:44:47 PM +00:00",,,,,,,,UserDataSvc User Data Access
"10/27/2023 7:44:43 PM +00:00",,,,,,,,UserDataSvc User Data Access
"10/27/2023 7:38:28 PM +00:00",,,,,"10/27/2023 7:44:10 PM +00:00",What is User Data Access_14d4fe service and how can I get rid of it?,"https://superuser.com/questions/1130455/what-is-user-data-access-14d4fe-service-and-how-can-i-get-rid-of-it",UserDataSvc User Data Access
"10/27/2023 7:25:11 PM +00:00",,,,,,,,ฉันจะซิงค์การตั้งค่าของฉันใน windows 10 ได้อย่างไร
"10/27/2023 7:12:27 PM +00:00",,,,,,,,การสำรองและการคืนค่าใน windows 10 site:microsoft.com
"10/27/2023 7:12:14 PM +00:00",,,,,,,,การสำรองและการคืนค่าใน windows 10 site:microsoft.com
"10/27/2023 7:49:07 AM +00:00",,,,,,,,gale nurse staffing timesheets
"10/27/2023 7:02:10 AM +00:00",,,,,,,,เเจ้งเตือนต้องใช้ใบรับรองที่ถูกต้อง hotmail
"10/27/2023 6:59:47 AM +00:00",,,,,,,,ต้องใช้ใบรับรองที่ถูกต้อง hotmail
"10/27/2023 6:53:17 AM +00:00",,,,,,,,สร้างบัญชีผู้ใช้ภายในเครื่องหรือบัญชีผู้ดูแลระบบใน windows 10 site:microsoft.com
"10/26/2023 3:00:28 PM +00:00",,,,,,,,การสำรองและการคืนค่าใน windows 10 site:microsoft.com
"10/26/2023 6:50:59 AM +00:00",,,,,,,,"uBlock Origin: 1.52.2 Chromium: 118 filterset (summary):  network: 107048  cosmetic: 40965  scriptlet: 18903  html: 0 listset (total-discarded, last-updated):  default:   user-filters: 0-0, never   THA-0: 1467-3, now   easylist: 72213-15, now   easyprivacy: 32937-64, now   plowe-0: 3727-1073, now   ublock-badware: 7330-138, now   ublock-filters: 35293-149, now   ublock-privacy: 613-6, now   ublock-quick-fixes: 164-96, now   ublock-unbreak: 2131-32, now   urlhaus-1: 12765-0, now filterset (user): [empty] switchRuleset:  added: [array of 1 redacted] userSettings:  cloudStorageEnabled: true hiddenSettings: [none] supportStats:  allReadyAfter: 2253 ms  maxAssetCacheWait: 33 ms"
"10/24/2023 5:42:27 PM +00:00",,,,,,,,ฉันจะซิงค์การตั้งค่าของฉันใน windows 10 ได้อย่างไร
"10/6/2023 2:10:07 AM +00:00",,,,,"10/6/2023 2:10:13 AM +00:00",Welcome - K-ETA,"https://m.k-eta.go.kr/portal/apply/index.do?locale=TH",keta
